{"cameraMode":{"drawMode":0,"name":"Shaded","section":"Shading Mode"},"sceneLighting":true,"audioPlay":false,"sceneViewState":{"m_AlwaysRefresh":false,"showFog":true,"showSkybox":true,"showFlares":true,"showImageEffects":true,"showParticleSystems":true,"showVisualEffectGraphs":true,"m_FxEnabled":true},"in2DMode":false,"pivot":{"x":1.597000002861023,"y":6.684000015258789,"z":-0.6949999332427979},"rotation":{"x":0.1301216036081314,"y":0.011891236528754235,"z":-0.0016299436101689935,"w":0.991442859172821},"size":2.400012254714966,"orthographic":false}