{"cameraMode":{"drawMode":0,"name":"Shaded","section":"Shading Mode"},"sceneLighting":false,"audioPlay":false,"sceneViewState":{"m_AlwaysRefresh":false,"showFog":true,"showSkybox":false,"showFlares":true,"showImageEffects":true,"showParticleSystems":true,"showVisualEffectGraphs":true,"m_FxEnabled":true},"in2DMode":false,"pivot":{"x":0.6508864164352417,"y":5.012261390686035,"z":0.2791042923927307},"rotation":{"x":0.031478554010391238,"y":-0.03447645530104637,"z":0.0010211409535259009,"w":0.9989258050918579},"size":1.6430716514587403,"orthographic":false}